fecha,ipi_general,ipi_general_desest,ipi_general_tendencia,alimentos_bebidas,productos_tabaco,productos_textiles,prendas_vestir_cuero_calzado,madera_papel_edicion_impresion,refinacion_petroleo,sustancias_productos_quimicos,productos_caucho_plastico,productos_minerales_no_metalicos,industrias_metalicas_basicas,productos_metal,maquinaria_equipo,otros_equipos_aparatos_instrumentos,vehiculos_automotores_autopartes,otro_equipo_transporte,muebles_colchones_otras
2016-01-01,117.0512,134.7433,132.2093,130.6762,106.1995,84.2676,85.0869,112.0522,116.0825,137.1526,119.0923,162.7402,94.7961,109.0918,118.2639,133.3201,63.2681,130.2031,110.0776
2016-02-01,118.9003,131.9372,131.5022,129.2640,127.9048,96.9652,102.3029,110.4487,111.2737,133.6942,113.9086,159.8484,80.0683,105.9359,132.2038,157.2795,113.1379,143.3233,104.7595
2016-03-01,136.8062,130.5391,130.6723,141.6506,148.5631,119.3409,135.0252,118.0332,115.2826,148.3186,136.5895,171.7790,100.9017,124.9446,156.4699,187.5511,151.3360,174.8250,130.5641
2016-04-01,132.0696,130.8516,129.7783,135.5343,117.2505,123.1903,137.8840,115.0522,111.0432,147.7613,130.9045,158.6551,101.2452,113.9738,136.6359,175.2443,140.1702,172.2193,137.4814
2016-05-01,132.1267,128.7590,128.8817,139.5732,85.5257,134.8920,125.5829,112.8257,111.6781,147.2224,124.9672,167.3782,102.4697,115.3364,146.9811,161.5822,136.2040,160.7011,136.2742
2016-06-01,124.9917,124.4616,128.0937,134.0441,54.4575,130.6479,112.1081,107.2751,113.2999,135.7566,114.3156,156.6996,92.9746,111.5046,147.2474,149.9379,133.6557,152.0737,131.4847
2016-07-01,126.7615,126.9099,127.5742,137.2634,58.9146,124.1517,108.3620,109.1048,115.4403,145.5789,118.3010,160.4710,95.5485,113.5746,136.9260,144.3643,129.0593,154.1900,131.8770
2016-08-01,133.7330,124.4402,127.3793,151.4705,65.9942,121.5444,128.1545,115.6062,112.0183,145.1297,128.2003,177.6377,76.0908,118.7179,148.4410,161.5658,146.1919,174.5537,140.7800
2016-09-01,135.5179,128.2167,127.4349,146.8619,69.4388,107.7993,128.2047,112.3039,115.6699,153.5492,133.6372,174.2048,95.3626,121.4416,159.6248,165.6479,141.0577,184.4423,137.1009
2016-10-01,133.3411,127.7585,127.6630,144.6804,46.3644,92.9436,122.9937,116.2073,117.1039,150.5761,129.4661,169.2845,98.4464,114.8070,163.4383,153.6579,137.1545,172.2168,140.0476
2016-11-01,134.7370,131.0236,127.9544,143.8085,63.0298,97.1870,110.7382,114.1503,111.2984,151.2798,130.6829,177.6351,100.0149,120.9165,161.4248,169.2826,162.4968,178.8237,144.0585
2016-12-01,124.0823,130.2630,128.2700,139.1757,67.0604,75.1247,108.3070,105.8212,121.3578,132.4606,114.6741,160.5392,92.9340,113.5096,153.1792,125.5901,134.9998,163.2875,131.4365
2017-01-01,115.7279,129.3133,128.6386,131.4241,99.6489,72.9366,82.6891,106.3011,117.5607,139.7246,120.9218,152.9839,89.1172,103.3671,116.6206,105.6085,92.7300,164.6586,107.4887
2017-02-01,109.4384,125.4806,129.1440,118.7959,107.5616,81.0616,85.3760,100.5707,101.3698,127.6713,105.3573,147.9938,79.8721,95.5737,127.3969,131.4185,103.1800,157.9245,96.6405
2017-03-01,135.7398,129.3024,129.8620,144.0918,163.2621,100.9610,121.6657,116.8187,113.3365,145.9220,130.6146,182.7029,104.1106,122.3283,154.6327,166.5951,153.3290,196.6242,140.3543
2017-04-01,127.0623,129.7444,130.7988,131.4323,117.4968,99.1398,106.8394,105.7919,112.5248,145.7081,124.1602,160.6611,104.0229,111.4192,164.4801,147.5069,134.3166,182.1038,128.9503
2017-05-01,137.3263,131.5517,131.9168,145.2579,95.9527,120.8642,110.5697,114.4673,114.0679,150.8723,131.6413,172.5245,110.5855,125.3104,163.9374,170.5261,157.1799,216.8513,144.5777
2017-06-01,134.5096,132.8008,133.0971,139.3261,78.8658,125.6308,98.0515,112.6577,115.5509,147.9084,125.7475,180.8732,107.2480,118.2380,174.8335,167.1815,159.1146,212.3952,146.3973
2017-07-01,135.5244,135.0528,134.1633,143.7839,70.7850,120.1904,104.0411,118.1692,111.3305,141.5384,128.7181,177.7095,117.2627,125.4627,168.8109,168.8075,138.3820,194.3086,148.2098
2017-08-01,143.0122,133.1994,134.9984,153.1778,69.2951,117.0843,108.1609,121.9459,117.2321,142.4697,135.5264,191.0124,113.8303,138.0749,181.2059,209.8405,162.3539,212.9511,151.7891
2017-09-01,140.4754,136.0828,135.5244,143.8589,62.1910,107.1455,113.1475,123.9874,118.2288,145.6717,136.8614,188.1047,114.1690,134.7828,182.2067,193.8119,164.2680,201.2831,147.1066
2017-10-01,142.9125,134.2712,135.7156,146.4877,59.4662,103.6781,117.8649,122.0659,111.0075,155.5086,137.9721,197.9084,94.9836,137.9085,209.3827,201.9171,162.1900,207.2403,160.0670
2017-11-01,141.4719,138.0860,135.6012,143.8418,58.6750,101.8857,104.2856,126.3986,113.9569,148.9184,132.5046,200.0260,112.0479,146.6221,189.2921,191.2555,163.2699,204.1847,156.6562
2017-12-01,126.4041,136.5119,135.2254,128.4863,51.3873,88.0060,101.6508,110.6548,122.3618,138.3564,112.9532,177.0752,110.7353,127.8482,152.3828,146.8578,133.2854,182.3462,136.9877
2018-01-01,120.4988,131.7562,134.6192,132.3509,109.3024,76.5042,79.4943,111.3869,117.2185,142.9476,114.7597,178.0142,105.4852,117.8590,120.4478,117.7707,85.9878,193.1133,116.1995
2018-02-01,116.4703,132.2401,133.7735,121.8599,112.6655,72.8744,83.2818,105.7192,107.0506,123.0375,105.6452,168.2824,105.7296,105.0254,142.9458,146.3557,141.8539,166.4942,99.0423
2018-03-01,137.8738,134.0138,132.6600,142.8465,127.4702,101.7324,109.6638,118.4534,119.7705,142.2784,126.8849,192.5196,119.3089,127.4685,162.8394,175.1129,176.3100,201.9490,140.7995
2018-04-01,132.0918,133.0890,131.2639,136.4426,103.1480,109.5853,110.8573,111.8339,110.4437,139.2096,125.0182,180.3975,113.2806,124.5327,153.9487,162.0977,163.5818,186.9127,134.1717
2018-05-01,135.8655,130.5213,129.5727,144.4057,95.9310,118.3787,112.3358,118.0046,108.6176,142.8667,127.0551,178.4451,109.4859,130.2178,145.2791,168.4391,170.4915,191.4539,145.1930
2018-06-01,123.7285,124.6440,127.6163,132.2034,64.7191,120.9598,93.4947,110.7583,99.2884,133.5014,110.8287,173.5733,104.9883,122.0510,135.7683,130.3266,149.6242,132.6816,123.6817
2018-07-01,126.7806,123.0705,125.4875,142.9654,60.2410,115.2965,93.1283,114.4387,102.3612,127.8346,113.1654,177.1590,112.1056,124.4561,128.3441,130.2565,152.4302,112.1385,128.8861
2018-08-01,134.2302,124.0640,123.2983,150.1633,64.6412,102.7289,102.5771,117.9855,111.6490,130.1941,118.2964,188.5682,119.0841,129.7299,148.8942,141.6308,181.5508,124.2859,136.1167
2018-09-01,122.7909,122.3385,121.2616,134.9447,52.4863,80.5754,106.4572,105.5407,103.8170,138.9249,110.0284,182.4825,108.2312,120.5024,127.6856,110.2379,140.1852,115.9400,111.6229
2018-10-01,130.9509,120.1581,119.5938,148.6653,59.1463,81.5981,108.0203,116.5325,109.6126,143.1269,115.3459,189.0757,108.4931,127.7011,131.2848,131.0964,160.3106,133.2904,115.4418
2018-11-01,121.7206,117.5283,118.4715,134.3549,60.0022,70.1515,89.2611,110.6483,105.2672,140.2818,109.8616,178.7584,101.8081,125.3998,115.4721,121.1875,149.9816,114.4736,110.5562
2018-12-01,107.6505,117.0316,117.9675,125.3292,46.1302,55.6708,90.1332,93.6639,113.1541,123.0371,92.8895,149.2960,87.1114,110.3763,108.9733,100.0047,98.9951,81.3223,94.1290
2019-01-01,107.0385,118.0000,118.0341,129.0982,115.7210,53.5261,72.0092,103.9301,111.5082,132.1116,98.8520,144.8361,89.4293,112.4361,66.2836,87.4130,69.9338,78.9524,99.0311
2019-02-01,106.6739,121.2274,118.4979,121.4272,124.5254,66.2192,79.8475,101.8394,97.8684,120.7545,99.5780,160.5346,69.7059,102.6540,98.7711,106.5939,126.3038,96.3776,99.5457
2019-03-01,118.4180,118.4591,119.1094,130.6471,121.7124,81.9398,92.9408,108.5949,112.2382,133.1058,105.8130,170.6163,101.0022,115.4259,119.5814,118.8244,122.8013,93.3986,101.0120
2019-04-01,120.3726,117.9649,119.5925,134.4246,84.9534,90.1180,91.4771,108.5531,101.3005,137.0010,108.4342,167.2275,107.9915,116.2591,118.0727,122.5362,126.6389,96.4246,105.5845
2019-05-01,126.4796,121.0138,119.7954,142.7176,82.3102,95.1676,98.2764,113.6011,111.7228,139.4224,110.8603,170.2376,113.0944,123.3612,122.7944,136.3454,132.3330,104.5857,112.7826
2019-06-01,114.8519,119.2914,119.6801,133.6467,64.3823,98.9478,80.4930,106.7051,102.0521,119.4178,103.6036,159.5770,100.0448,107.3616,122.7218,119.9552,106.7028,89.1771,105.6824
2019-07-01,124.5983,118.1160,119.2629,149.3514,61.2061,117.4306,85.9630,111.6446,107.1650,121.6154,111.9039,169.1981,107.1196,114.9463,129.7515,142.3813,112.3633,93.2567,128.7726
2019-08-01,125.6565,118.1410,118.5866,151.0965,56.5439,104.2609,90.5634,110.9987,110.1220,124.3267,108.5883,184.0523,108.1010,114.3316,127.6184,137.8851,131.3105,98.6568,114.2933
2019-09-01,116.6677,113.9691,117.6536,136.2684,58.1656,99.4209,87.8053,109.8293,101.5425,121.7957,105.7909,174.9610,98.8724,109.0602,116.3850,113.2852,117.6505,92.9192,95.8756
2019-10-01,128.5778,118.2319,116.4205,149.4224,62.6494,94.2724,98.8496,116.4404,113.9535,141.3206,115.2740,175.8890,111.8875,116.7753,133.0536,123.0673,134.1130,98.1960,111.5843
2019-11-01,116.4504,114.9342,114.8474,132.2262,56.1037,77.8203,83.3778,108.7439,109.0813,135.2725,112.5063,168.3064,95.9606,106.7079,112.8431,107.5154,114.1212,87.2565,109.8901
2019-12-01,109.1972,115.8084,112.9178,134.6098,44.4018,61.3479,84.2432,101.5187,115.3645,121.3754,94.8891,144.0368,87.9653,92.8292,118.9433,95.9874,82.7946,78.1457,97.0291
2020-01-01,106.9668,117.3848,110.7133,135.1446,107.4983,53.6856,63.6383,100.3189,116.0724,133.2321,98.0724,133.4207,85.8537,89.8920,86.4838,88.8368,76.2231,75.5790,93.3743
2020-02-01,105.9662,118.0981,108.4658,128.5947,108.8952,61.2384,70.6691,102.0279,105.4635,123.8902,94.6300,138.3531,77.3745,89.4419,108.6785,96.5208,108.4682,76.8333,84.6343
2020-03-01,98.8508,95.7005,106.5521,128.6581,92.3651,56.4677,55.0375,99.3516,101.2036,129.6017,84.8247,101.3318,72.1670,76.2537,91.7595,71.5606,79.8551,67.9701,74.6125
2020-04-01,80.3696,78.5326,105.3813,133.7693,34.9520,39.1648,19.9300,99.9884,66.4255,121.9567,66.5137,48.9175,37.2394,44.1644,65.2207,30.6928,14.4788,15.8551,46.3336
2020-05-01,93.3973,94.5027,105.2300,135.7833,93.4777,58.2542,31.2242,103.0773,79.8832,125.0570,79.4410,88.0954,51.2674,69.0592,92.6127,66.0960,34.6670,26.9335,86.5158
2020-06-01,107.6855,106.2207,106.1637,140.7012,124.0045,85.6504,50.2093,105.9060,90.1231,128.9908,97.5103,137.2671,61.9711,89.2282,120.0316,101.0123,72.8764,48.4198,108.8530
2020-07-01,116.4397,109.5388,108.0910,148.4514,97.1907,90.0880,57.2592,110.7478,99.0207,138.4474,100.2384,157.3595,75.0328,96.8194,126.3165,116.1222,89.4290,52.8358,121.3936
2020-08-01,116.6287,112.2974,110.7414,144.0379,61.0914,84.8635,61.1226,108.3912,96.1156,138.2303,104.7112,171.0960,80.5931,101.2882,134.0856,97.6638,108.8644,57.0065,117.0471
2020-09-01,120.9827,114.5981,113.7230,145.2651,62.7308,80.6143,66.6773,117.9370,81.6729,141.7377,112.3845,184.0779,82.8174,103.8319,142.3704,125.4130,128.8644,64.9063,111.0785
2020-10-01,124.9332,117.2688,116.6766,146.0576,54.1744,82.7238,75.1743,116.4264,89.3178,140.3291,118.9892,186.6683,99.4022,101.7916,167.2880,128.1984,122.2309,69.7735,120.9452
2020-11-01,121.6375,121.4171,119.3251,138.4144,55.0563,76.1849,67.1216,114.6239,91.6220,139.4575,119.0858,194.0172,97.3046,101.5856,145.9290,139.3424,131.5046,74.7154,110.7823
2020-12-01,115.3046,119.8402,121.4980,127.7693,47.8188,66.0831,82.1310,103.2621,99.7931,130.9995,107.0420,182.2062,96.6774,91.9709,159.9143,121.6061,116.3441,69.3384,102.8852
2021-01-01,111.7727,128.6255,123.1634,137.5743,87.7178,55.6758,56.7788,104.2276,106.5914,131.4843,112.0716,175.4138,99.2073,93.0317,108.6483,95.0750,88.4195,60.8412,87.0020
2021-02-01,107.7538,124.3668,124.3739,130.0444,106.5851,67.0184,64.2853,97.6441,94.2928,119.6676,98.2767,158.2166,90.9244,91.9828,124.9907,111.7035,100.8367,60.1156,83.6079
2021-03-01,131.6472,125.6506,125.1934,150.5219,127.8431,86.1611,88.7200,113.0601,107.0507,146.7572,122.2371,186.8197,103.0684,111.2410,174.0146,146.2993,157.5203,77.3191,111.5583
2021-04-01,125.5209,122.7922,125.6880,143.5236,120.7024,92.5518,80.9850,111.8841,99.7908,143.4444,111.1843,179.2348,99.7685,111.5723,168.6846,127.8160,123.8420,76.3099,113.0974
2021-05-01,121.6841,122.7057,125.9365,141.0185,80.6684,95.7383,74.1673,108.0562,103.8895,143.2496,110.5001,166.2761,95.2224,105.2017,159.8668,117.7640,129.9169,70.4452,98.3030
2021-06-01,128.5984,126.6529,126.0570,149.4506,66.2716,106.0056,79.9870,112.9234,100.3161,144.9848,117.3490,178.9764,100.6398,116.0436,165.3772,137.9553,147.9141,102.7212,100.2063
2021-07-01,131.0503,126.4660,126.1447,152.3324,56.0191,106.5779,87.2111,116.5221,105.3428,148.4913,113.7643,188.9157,105.5525,112.9672,165.0349,136.5863,130.9287,99.1337,115.4605
2021-08-01,132.9988,125.2067,126.2979,155.3331,59.5415,95.9515,90.1299,117.7310,108.8856,146.6046,121.6930,197.6631,104.3687,111.8449,178.3304,137.8100,146.1718,107.0571,102.5327
2021-09-01,132.8041,126.6127,126.6386,152.8250,64.6682,96.7991,96.2271,115.4715,103.7666,146.7370,125.8031,190.5264,100.5234,114.6971,192.7026,136.5280,152.6432,114.8578,96.3413
2021-10-01,130.0316,126.2613,127.2460,145.2826,59.5054,87.6323,105.9992,114.6245,109.2499,145.1413,119.8490,195.3549,104.7739,107.9985,179.1947,120.0909,144.2717,112.5485,106.4083
2021-11-01,133.5956,129.6832,128.1228,148.9019,58.5596,87.6551,103.7052,118.7058,108.2627,153.7769,126.5968,196.5081,101.2622,111.9161,172.5307,133.7070,161.7986,124.3023,111.4356
2021-12-01,127.3226,131.4441,129.2461,144.1073,54.3372,68.2375,110.8685,103.7564,115.0257,139.9189,112.8902,185.2035,102.7809,100.5624,182.1705,129.8950,138.4101,114.6940,114.9752
2022-01-01,110.4522,126.8100,130.5070,131.5928,82.7683,53.1259,61.7596,107.2823,110.7829,140.6691,103.2605,160.4396,95.0446,88.9569,123.9669,95.4910,71.7843,91.6000,78.7872
2022-02-01,116.8655,133.0459,131.7548,136.1557,116.2699,70.6004,74.5836,107.0485,90.0785,133.7404,107.9559,166.9093,92.2304,95.4868,158.8109,117.2742,130.7842,92.5477,86.2810
2022-03-01,136.0642,130.4806,132.8372,154.0194,156.0712,86.4799,103.3024,122.7050,103.8622,153.3769,129.0448,185.8477,103.8904,111.5009,187.7519,136.4083,161.3664,114.0115,106.8413
2022-04-01,131.1106,131.2025,133.6101,148.7169,99.5658,87.6253,105.0163,114.0491,109.0600,145.9500,128.0393,190.7473,79.3415,109.2467,208.3446,119.4121,155.0799,113.9889,112.0454
2022-05-01,135.9562,133.9651,133.9601,154.1725,66.9376,96.4396,101.5698,120.1619,116.5634,150.2163,123.2749,199.8203,101.0588,111.2296,188.1841,147.1525,160.1429,115.3383,109.0691
2022-06-01,137.7417,136.0583,133.8104,154.7174,54.7039,106.4702,100.7397,114.2769,113.4788,149.9509,121.7329,197.0570,109.0601,107.6980,201.6903,178.6778,164.3741,114.6022,109.1027
2022-07-01,137.8324,136.8063,133.2190,156.9754,65.3866,106.3679,82.3208,118.4357,114.4733,150.5187,121.6822,199.2621,109.4131,116.0319,203.0140,157.9762,159.0634,114.7970,118.4855
2022-08-01,142.6954,132.2341,132.3946,164.1654,63.9439,110.6575,90.8728,123.4707,117.1479,155.9032,129.6090,210.3789,112.4265,122.4025,203.2127,132.4151,181.4691,121.4974,111.8688
2022-09-01,137.8985,130.6294,131.6020,157.7411,62.1242,99.0362,94.6774,119.2521,110.0430,149.7712,123.4268,206.4760,106.7389,120.7896,205.7547,135.2703,174.0933,122.8012,99.6612
2022-10-01,133.9218,130.0307,131.0852,149.2889,58.7250,82.2462,97.8627,113.8380,112.6331,151.6780,128.0786,202.5826,111.3306,114.1802,176.5144,138.4789,165.7515,111.3591,100.5173
2022-11-01,134.1481,129.6006,130.9987,149.9961,62.9139,83.0278,99.8355,111.4653,113.3574,152.4893,123.0871,202.5818,106.3269,119.0985,164.0847,146.8517,173.6141,122.2361,108.3483
2022-12-01,123.3555,130.2923,131.3498,142.0830,57.3369,61.4502,98.7390,100.4392,120.6060,132.3398,104.4454,182.0925,104.5354,102.4156,186.1312,126.1991,128.1741,100.4012,95.9803
2023-01-01,117.3596,130.6272,131.9942,143.4746,87.2149,53.9152,66.0340,108.7428,120.0315,133.8660,112.2195,172.2828,104.9120,106.4646,132.7379,96.2769,88.2274,88.9463,85.6758
2023-02-01,114.9796,130.3133,132.7103,127.8016,106.1814,68.6086,76.3961,102.3821,110.6077,124.4580,107.6069,171.6475,93.2469,99.1697,156.4184,117.2668,142.2748,100.4977,88.8364
2023-03-01,140.6028,134.6552,133.2280,154.0256,158.0548,84.6547,110.4982,118.2708,121.6861,147.0706,131.0595,195.6088,112.3112,119.1576,201.5586,160.2781,189.3797,125.2531,116.0282
2023-04-01,133.3535,137.2133,133.3341,146.8688,99.3080,87.0515,101.4508,110.8635,121.0107,143.5390,124.6439,180.6291,108.6216,111.1601,203.3883,134.9367,162.1257,117.8291,117.5804
2023-05-01,137.3370,132.6309,132.9232,154.3555,74.9218,97.1038,107.6621,113.2575,121.0075,152.1148,127.9372,189.3041,110.9241,110.3991,183.8521,140.8184,167.9369,120.4759,120.6996
2023-06-01,134.2732,131.7593,132.0067,148.3835,60.6768,103.4004,99.9848,110.0657,116.5053,149.0562,122.6920,190.4997,111.9610,109.7697,190.8891,142.1623,166.8521,117.4656,108.9285
2023-07-01,132.3716,131.1103,130.6537,147.7269,65.5429,110.7373,95.2421,113.2123,118.5572,150.7014,125.0799,191.5665,98.6443,110.7720,176.9017,125.2991,154.6451,110.3167,119.3592
2023-08-01,138.3630,127.8819,128.8929,152.7644,65.4352,104.9900,95.1385,122.3621,109.2557,149.0268,128.5903,208.5642,105.7201,122.6598,198.0824,146.5442,188.5358,117.6718,108.8370
2023-09-01,133.6199,128.9463,126.7611,142.6297,58.4349,100.8715,97.6467,116.3049,116.9647,153.6475,128.7706,200.5865,105.4754,116.6455,185.8478,137.0853,175.2135,125.3369,94.3756
2023-10-01,133.0092,126.3056,124.3220,146.3833,54.3378,96.5074,106.5327,111.6296,105.9510,148.1059,127.8088,197.7576,109.0264,113.6250,184.5241,135.5187,159.3853,121.6792,104.6022
2023-11-01,127.5782,123.4545,121.6793,139.6761,59.3689,88.5887,98.3710,111.5193,115.7884,143.1953,123.7561,194.6287,98.8579,111.9173,151.1132,122.2900,171.6221,134.7942,101.5628
2023-12-01,107.4038,117.4629,118.9742,131.1978,51.1655,61.7875,85.9499,91.9674,121.0842,120.0542,103.1457,165.1350,77.8376,85.1084,116.4868,73.0167,124.2969,112.3499,70.5526
2024-01-01,102.9832,113.2214,116.4324,134.7706,99.5053,50.7742,57.1387,99.3935,118.5860,117.4855,98.2884,145.7140,85.6092,90.1467,87.3871,64.7332,77.3180,96.6549,64.4778
2024-02-01,103.7510,113.7554,114.3453,126.2234,124.4444,62.6715,66.5098,96.1020,109.0480,123.6726,98.5546,140.6021,71.6008,92.0309,103.2872,79.3315,124.3689,99.2469,62.9750
2024-03-01,110.4657,110.6911,112.9838,132.1704,126.3957,63.0552,86.3817,94.4240,116.5682,139.5624,99.7665,126.1937,73.7436,87.9360,123.8036,91.4106,141.2419,104.0097,69.8086
2024-04-01,111.2965,109.7475,112.5225,134.2222,73.5754,63.3141,85.7111,95.4386,116.8500,128.9790,96.3049,116.7627,87.6056,90.1227,143.5394,88.4477,140.0382,112.3057,77.1234
2024-05-01,116.7198,111.5525,112.9479,144.1591,63.8878,75.6882,98.1330,92.4303,124.1195,138.7584,95.0327,128.3657,83.1155,98.9323,142.3098,101.1886,134.1800,108.1022,80.5453
2024-06-01,107.0990,111.0662,114.1104,136.5276,39.2730,78.6780,80.9192,83.5839,114.8683,129.9388,86.4968,121.1856,77.0170,87.0114,127.7974,88.9446,112.4698,100.9368,69.8511
2024-07-01,125.0797,118.6936,115.7565,157.0239,54.0623,93.9888,95.1217,93.7999,121.0379,145.6909,102.0532,141.2115,88.8677,101.2764,161.4141,116.8365,145.5529,114.2483,97.1256
2024-08-01,128.7331,120.5908,117.5730,155.2778,60.5747,94.7447,98.2293,101.0362,122.7566,142.9946,111.0263,160.8082,94.3807,109.5891,160.4454,131.0349,164.8248,128.1041,98.2681
2024-09-01,125.2367,122.0106,119.2528,152.4750,56.9295,82.2787,95.2670,102.8214,117.5589,139.0118,110.2920,161.8038,90.2935,103.0618,155.6394,119.7790,162.1801,115.6839,93.4702
2024-10-01,130.3107,121.4069,120.5546,157.1993,58.1378,76.2461,106.4164,111.0319,119.3180,143.5809,111.7683,163.2563,96.6889,99.7926,169.8515,126.5516,166.7020,130.4556,100.5293
2024-11-01,125.3954,123.2502,121.3738,151.8419,52.9428,73.2949,96.2963,103.1028,117.7192,138.7349,104.0585,154.5573,92.3352,97.7386,162.9794,126.4959,170.2559,131.0869,99.0620
2024-12-01,116.7263,123.4906,121.7363,142.4004,46.3682,62.3624,104.3743,92.2410,128.2260,129.4346,94.1666,141.4780,80.0273,86.0371,156.4080,122.3624,136.2806,121.9399,94.2943
2025-01-01,110.6983,120.7258,121.7369,144.9203,111.1750,46.3247,72.1783,100.2635,128.3521,130.2121,90.9349,121.9720,83.9109,86.1181,110.5987,97.1778,94.9403,124.6176,84.3374
2025-02-01,109.9880,123.7587,121.4488,140.3290,151.1987,65.8980,74.9653,96.5057,100.8664,121.2867,95.2531,130.9094,63.8209,81.5569,138.2438,108.9567,142.5313,130.1499,83.4538
2025-03-01,116.2630,116.5332,120.9658,140.9207,121.8576,75.8666,94.5922,97.6275,113.0348,126.1026,96.4990,139.0727,89.2099,81.4545,151.5652,109.0845,140.8544,133.4804,92.7004
2025-04-01,121.5058,119.4702,120.3781,145.1961,92.8677,79.1664,92.9878,100.3722,121.2772,129.3560,101.6094,150.0958,93.7913,84.9668,173.7725,113.0377,150.7878,141.5625,105.4805
2025-05-01,124.0348,121.2224,119.7415,148.4528,66.9562,82.2661,92.2764,105.6409,111.4125,144.3770,104.0265,149.1650,96.3661,85.6564,156.9111,106.6015,162.1341,146.2945,106.1895
2025-06-01,117.4812,119.1576,119.0870,142.3599,52.6240,82.8128,83.3250,94.9911,121.4231,134.5606,96.7852,146.4476,82.5127,83.5324,150.1292,128.9745,144.8157,124.2461,96.4779
2025-07-01,124.2230,118.3251,118.4141,152.8953,55.3760,84.2203,85.0320,100.0526,124.2094,143.9598,102.9360,155.9864,87.2483,92.5444,155.6871,138.2676,133.2420,129.0887,108.9897
2025-08-01,123.3213,118.7027,117.7671,152.0149,55.0913,76.7552,83.7491,101.4634,128.7140,141.6019,101.7997,156.0507,90.4398,90.1339,147.2935,126.3152,153.7584,124.3194,96.7717
2025-09-01,124.8998,118.1757,117.2165,154.4770,56.9616,65.2254,82.8651,106.6647,126.4950,141.7384,99.6186,152.9114,89.6992,90.4072,164.5449,130.8487,158.9118,135.4762,96.9206
2025-10-01,126.7108,117.3014,116.8295,155.3816,50.9531,57.6362,90.2364,107.1719,123.1457,142.5531,99.2132,166.4509,97.6008,90.3924,166.3827,129.6388,158.3831,146.5228,99.5523
2025-11-01,114.4122,116.0924,116.6607,139.7333,49.9573,47.1062,78.0690,102.9454,125.2645,133.5652,91.4883,150.5013,89.2453,81.4953,132.5804,109.6075,131.0003,131.8968,90.4102
2025-12-01,112.0165,116.1693,116.7262,143.6538,42.8450,45.9151,86.3556,96.0870,133.3813,130.0539,77.7420,142.4038,85.6879,78.8861,132.9121,92.2902,107.2987,117.9680,90.2027
2026-01-01,106.5098,118.7922,116.9618,143.1860,113.7194,34.3067,57.0606,100.5129,131.1833,138.9479,83.7693,125.9533,84.0242,79.3759,88.9842,66.8573,70.9173,112.7294,80.0114
2026-02-01,100.2969,114.9119,117.2439,129.8733,128.9303,44.8287,61.6414,95.0260,120.7419,123.6773,80.3434,120.3069,56.2201,77.1288,98.8723,86.3046,107.5040,103.0248,74.2033
2026-03-01,122.1488,119.4198,117.3975,152.2105,154.8632,58.3144,86.2957,110.5120,128.2826,145.3278,95.1428,148.7614,80.9798,89.1505,135.2416,107.5881,150.6455,137.1639,94.5480
2026-04-01,118.6097,117.2282,117.2509,142.0887,99.3567,58.8695,78.1055,106.0593,127.9935,150.5900,97.0516,140.5507,83.9753,83.7093,143.1682,102.7881,135.1985,138.2366,98.9497
2026-05-01,116.9795,117.4229,116.7443,143.8816,76.8295,60.8086,78.9253,102.7119,133.0099,139.8749,93.4292,145.7616,92.5482,84.4405,120.3537,94.3887,136.0230,131.2172,97.9033
2026-06-01,119.9521,118.2020,115.9094,151.3353,52.8918,69.5796,76.2971,104.0372,125.5462,149.5426,93.8137,135.9330,92.3208,86.5469,123.4642,96.3677,139.6055,132.6122,99.5947
2026-07-01,118.1647,112.3062,114.8861,152.1199,48.5747,73.2896,71.4797,107.1072,134.3028,142.0282,93.5520,136.3815,88.6163,84.7502,114.1582,94.7955,126.0423,132.4763,99.1004
